{
  "Total" : {
    "transaction" : "Total",
    "sampleCount" : 9996,
    "errorCount" : 2895,
    "errorPct" : 28.961584,
    "meanResTime" : 1883.336934773912,
    "medianResTime" : 117.0,
    "minResTime" : 0.0,
    "maxResTime" : 34745.0,
    "pct1ResTime" : 6818.100000000008,
    "pct2ResTime" : 11980.3,
    "pct3ResTime" : 21876.84000000002,
    "throughput" : 274.75125061843767,
    "receivedKBytesPerSec" : 13431.54257148968,
    "sentKBytesPerSec" : 46.17093660670112
  },
  "Отримати героя за id" : {
    "transaction" : "Отримати героя за id",
    "sampleCount" : 1999,
    "errorCount" : 724,
    "errorPct" : 36.21811,
    "meanResTime" : 821.9524762381193,
    "medianResTime" : 130.0,
    "minResTime" : 1.0,
    "maxResTime" : 9466.0,
    "pct1ResTime" : 3439.0,
    "pct2ResTime" : 4861.0,
    "pct3ResTime" : 6282.0,
    "throughput" : 59.61291861748129,
    "receivedKBytesPerSec" : 16.019783683237407,
    "sentKBytesPerSec" : 7.907264392538693
  },
  "Створити героя" : {
    "transaction" : "Створити героя",
    "sampleCount" : 1999,
    "errorCount" : 723,
    "errorPct" : 36.168083,
    "meanResTime" : 123.24962481240644,
    "medianResTime" : 68.0,
    "minResTime" : 0.0,
    "maxResTime" : 17519.0,
    "pct1ResTime" : 314.0,
    "pct2ResTime" : 417.0,
    "pct3ResTime" : 1021.0,
    "throughput" : 57.586494973064845,
    "receivedKBytesPerSec" : 52.35790625990263,
    "sentKBytesPerSec" : 8.04093567251462
  },
  "Змінити героя" : {
    "transaction" : "Змінити героя",
    "sampleCount" : 1999,
    "errorCount" : 724,
    "errorPct" : 36.21811,
    "meanResTime" : 154.5232616308153,
    "medianResTime" : 96.0,
    "minResTime" : 1.0,
    "maxResTime" : 2273.0,
    "pct1ResTime" : 360.0,
    "pct2ResTime" : 451.0,
    "pct3ResTime" : 709.0,
    "throughput" : 59.76262369577566,
    "receivedKBytesPerSec" : 16.060013939131217,
    "sentKBytesPerSec" : 13.46873224909564
  },
  "Видалити героя " : {
    "transaction" : "Видалити героя ",
    "sampleCount" : 1999,
    "errorCount" : 723,
    "errorPct" : 36.168083,
    "meanResTime" : 173.94647323661798,
    "medianResTime" : 98.0,
    "minResTime" : 1.0,
    "maxResTime" : 7964.0,
    "pct1ResTime" : 399.0,
    "pct2ResTime" : 566.0,
    "pct3ResTime" : 1068.0,
    "throughput" : 60.05708277001652,
    "receivedKBytesPerSec" : 16.760054031470634,
    "sentKBytesPerSec" : 13.013938570301939
  },
  "Отриати всіх героїв " : {
    "transaction" : "Отриати всіх героїв ",
    "sampleCount" : 2000,
    "errorCount" : 1,
    "errorPct" : 0.05,
    "meanResTime" : 8139.88299999999,
    "medianResTime" : 6737.5,
    "minResTime" : 10.0,
    "maxResTime" : 34745.0,
    "pct1ResTime" : 18468.700000000004,
    "pct2ResTime" : 21875.649999999998,
    "pct3ResTime" : 28081.72,
    "throughput" : 54.982817869415804,
    "receivedKBytesPerSec" : 13339.28908934708,
    "sentKBytesPerSec" : 6.923083118556701
  }
}