{
  "Total" : {
    "transaction" : "Total",
    "sampleCount" : 10000,
    "errorCount" : 2938,
    "errorPct" : 29.38,
    "meanResTime" : 1986.1553000000042,
    "medianResTime" : 124.0,
    "minResTime" : 0.0,
    "maxResTime" : 36819.0,
    "pct1ResTime" : 7583.399999999998,
    "pct2ResTime" : 11340.54999999999,
    "pct3ResTime" : 23327.07999999998,
    "throughput" : 263.85224274406335,
    "receivedKBytesPerSec" : 12893.111317818271,
    "sentKBytesPerSec" : 44.29156703496042
  },
  "Отримати героя за id" : {
    "transaction" : "Отримати героя за id",
    "sampleCount" : 2000,
    "errorCount" : 735,
    "errorPct" : 36.75,
    "meanResTime" : 1108.148999999998,
    "medianResTime" : 130.0,
    "minResTime" : 0.0,
    "maxResTime" : 9232.0,
    "pct1ResTime" : 4844.4000000000015,
    "pct2ResTime" : 7132.849999999999,
    "pct3ResTime" : 8539.89,
    "throughput" : 55.604982206405694,
    "receivedKBytesPerSec" : 14.942128463147796,
    "sentKBytesPerSec" : 7.377950322161365
  },
  "Створити героя" : {
    "transaction" : "Створити героя",
    "sampleCount" : 2000,
    "errorCount" : 734,
    "errorPct" : 36.7,
    "meanResTime" : 112.44900000000032,
    "medianResTime" : 72.0,
    "minResTime" : 0.0,
    "maxResTime" : 7707.0,
    "pct1ResTime" : 353.9000000000001,
    "pct2ResTime" : 441.9499999999998,
    "pct3ResTime" : 790.8200000000002,
    "throughput" : 54.516709371422344,
    "receivedKBytesPerSec" : 50.07657894019517,
    "sentKBytesPerSec" : 7.5488606007741375
  },
  "Змінити героя" : {
    "transaction" : "Змінити героя",
    "sampleCount" : 2000,
    "errorCount" : 734,
    "errorPct" : 36.7,
    "meanResTime" : 215.0250000000005,
    "medianResTime" : 110.0,
    "minResTime" : 1.0,
    "maxResTime" : 2628.0,
    "pct1ResTime" : 542.0,
    "pct2ResTime" : 661.8999999999996,
    "pct3ResTime" : 1134.7300000000002,
    "throughput" : 55.814472692769236,
    "receivedKBytesPerSec" : 14.949230632377976,
    "sentKBytesPerSec" : 12.5874717439232
  },
  "Видалити героя " : {
    "transaction" : "Видалити героя ",
    "sampleCount" : 2000,
    "errorCount" : 734,
    "errorPct" : 36.7,
    "meanResTime" : 195.14749999999984,
    "medianResTime" : 106.0,
    "minResTime" : 1.0,
    "maxResTime" : 13798.0,
    "pct1ResTime" : 459.0,
    "pct2ResTime" : 608.8999999999996,
    "pct3ResTime" : 1242.89,
    "throughput" : 56.16399887672002,
    "receivedKBytesPerSec" : 15.667781171019376,
    "sentKBytesPerSec" : 12.172669194046616
  },
  "Отриати всіх героїв " : {
    "transaction" : "Отриати всіх героїв ",
    "sampleCount" : 2000,
    "errorCount" : 1,
    "errorPct" : 0.05,
    "meanResTime" : 8300.006000000003,
    "medianResTime" : 6951.5,
    "minResTime" : 1.0,
    "maxResTime" : 36819.0,
    "pct1ResTime" : 17121.100000000006,
    "pct2ResTime" : 23323.399999999983,
    "pct3ResTime" : 27010.85,
    "throughput" : 52.78158978148422,
    "receivedKBytesPerSec" : 12804.306070542594,
    "sentKBytesPerSec" : 6.645918622334529
  }
}