{
  "Total" : {
    "transaction" : "Total",
    "sampleCount" : 10000,
    "errorCount" : 3524,
    "errorPct" : 35.24,
    "meanResTime" : 1948.9264999999982,
    "medianResTime" : 124.0,
    "minResTime" : 0.0,
    "maxResTime" : 37181.0,
    "pct1ResTime" : 7329.799999999999,
    "pct2ResTime" : 12078.949999999977,
    "pct3ResTime" : 21861.94,
    "throughput" : 268.3843263553409,
    "receivedKBytesPerSec" : 13120.693846869968,
    "sentKBytesPerSec" : 44.28865573000537
  },
  "Отримати героя за id" : {
    "transaction" : "Отримати героя за id",
    "sampleCount" : 2000,
    "errorCount" : 881,
    "errorPct" : 44.05,
    "meanResTime" : 727.4954999999986,
    "medianResTime" : 157.5,
    "minResTime" : 1.0,
    "maxResTime" : 9167.0,
    "pct1ResTime" : 2504.0,
    "pct2ResTime" : 3495.6499999999987,
    "pct3ResTime" : 6047.140000000001,
    "throughput" : 56.5434960843629,
    "receivedKBytesPerSec" : 15.136373635888155,
    "sentKBytesPerSec" : 7.538617440841366
  },
  "Створити героя" : {
    "transaction" : "Створити героя",
    "sampleCount" : 2000,
    "errorCount" : 881,
    "errorPct" : 44.05,
    "meanResTime" : 90.20149999999988,
    "medianResTime" : 57.5,
    "minResTime" : 0.0,
    "maxResTime" : 4783.0,
    "pct1ResTime" : 206.0,
    "pct2ResTime" : 377.9499999999998,
    "pct3ResTime" : 628.97,
    "throughput" : 56.10255547140172,
    "receivedKBytesPerSec" : 58.78167164576846,
    "sentKBytesPerSec" : 6.866426828242027
  },
  "Змінити героя" : {
    "transaction" : "Змінити героя",
    "sampleCount" : 2000,
    "errorCount" : 881,
    "errorPct" : 44.05,
    "meanResTime" : 157.47949999999997,
    "medianResTime" : 101.0,
    "minResTime" : 1.0,
    "maxResTime" : 2988.0,
    "pct1ResTime" : 377.9000000000001,
    "pct2ResTime" : 456.9499999999998,
    "pct3ResTime" : 738.99,
    "throughput" : 56.74241779442222,
    "receivedKBytesPerSec" : 15.18962385096604,
    "sentKBytesPerSec" : 12.829327673277158
  },
  "Видалити героя " : {
    "transaction" : "Видалити героя ",
    "sampleCount" : 2000,
    "errorCount" : 881,
    "errorPct" : 44.05,
    "meanResTime" : 151.11900000000017,
    "medianResTime" : 101.0,
    "minResTime" : 1.0,
    "maxResTime" : 2396.0,
    "pct1ResTime" : 371.0,
    "pct2ResTime" : 448.0,
    "pct3ResTime" : 722.94,
    "throughput" : 56.87635081333182,
    "receivedKBytesPerSec" : 15.784853650039812,
    "sentKBytesPerSec" : 12.359719812876806
  },
  "Отриати всіх героїв " : {
    "transaction" : "Отриати всіх героїв ",
    "sampleCount" : 2000,
    "errorCount" : 0,
    "errorPct" : 0.0,
    "meanResTime" : 8618.33700000001,
    "medianResTime" : 7315.5,
    "minResTime" : 13.0,
    "maxResTime" : 37181.0,
    "pct1ResTime" : 18913.30000000002,
    "pct2ResTime" : 21861.699999999997,
    "pct3ResTime" : 25534.87,
    "throughput" : 53.691275167785236,
    "receivedKBytesPerSec" : 13024.314335151006,
    "sentKBytesPerSec" : 6.763842281879195
  }
}