{
  "Total" : {
    "transaction" : "Total",
    "sampleCount" : 9982,
    "errorCount" : 2068,
    "errorPct" : 20.71729,
    "meanResTime" : 1775.2774994990978,
    "medianResTime" : 121.0,
    "minResTime" : 0.0,
    "maxResTime" : 37164.0,
    "pct1ResTime" : 6352.100000000002,
    "pct2ResTime" : 10880.450000000006,
    "pct3ResTime" : 23139.57,
    "throughput" : 265.14024649383765,
    "receivedKBytesPerSec" : 12967.379808729878,
    "sentKBytesPerSec" : 45.630484604095834
  },
  "Отримати героя за id" : {
    "transaction" : "Отримати героя за id",
    "sampleCount" : 1996,
    "errorCount" : 517,
    "errorPct" : 25.901804,
    "meanResTime" : 813.1437875751509,
    "medianResTime" : 117.5,
    "minResTime" : 1.0,
    "maxResTime" : 10260.0,
    "pct1ResTime" : 2219.499999999992,
    "pct2ResTime" : 5882.699999999997,
    "pct3ResTime" : 9251.33,
    "throughput" : 56.29353865245226,
    "receivedKBytesPerSec" : 15.08941508376343,
    "sentKBytesPerSec" : 7.425477515018191
  },
  "Створити героя" : {
    "transaction" : "Створити героя",
    "sampleCount" : 1996,
    "errorCount" : 517,
    "errorPct" : 25.901804,
    "meanResTime" : 114.86372745490958,
    "medianResTime" : 81.0,
    "minResTime" : 0.0,
    "maxResTime" : 2318.0,
    "pct1ResTime" : 309.89999999999986,
    "pct2ResTime" : 411.14999999999986,
    "pct3ResTime" : 739.2999999999997,
    "throughput" : 54.45666111914441,
    "receivedKBytesPerSec" : 39.68489107303631,
    "sentKBytesPerSec" : 8.82686956047254
  },
  "Змінити героя" : {
    "transaction" : "Змінити героя",
    "sampleCount" : 1996,
    "errorCount" : 517,
    "errorPct" : 25.901804,
    "meanResTime" : 163.9268537074148,
    "medianResTime" : 101.0,
    "minResTime" : 1.0,
    "maxResTime" : 3041.0,
    "pct1ResTime" : 369.0,
    "pct2ResTime" : 492.2999999999997,
    "pct3ResTime" : 1013.4199999999996,
    "throughput" : 56.40330055386006,
    "receivedKBytesPerSec" : 15.118836628942015,
    "sentKBytesPerSec" : 12.672683890019217
  },
  "Видалити героя " : {
    "transaction" : "Видалити героя ",
    "sampleCount" : 1996,
    "errorCount" : 517,
    "errorPct" : 25.901804,
    "meanResTime" : 152.8597194388778,
    "medianResTime" : 103.0,
    "minResTime" : 1.0,
    "maxResTime" : 1495.0,
    "pct1ResTime" : 356.0,
    "pct2ResTime" : 452.14999999999986,
    "pct3ResTime" : 828.03,
    "throughput" : 56.52949672887932,
    "receivedKBytesPerSec" : 15.888964215922288,
    "sentKBytesPerSec" : 12.204196345124473
  },
  "Отриати всіх героїв " : {
    "transaction" : "Отриати всіх героїв ",
    "sampleCount" : 1998,
    "errorCount" : 0,
    "errorPct" : 0.0,
    "meanResTime" : 7625.731231231221,
    "medianResTime" : 5695.5,
    "minResTime" : 10.0,
    "maxResTime" : 37164.0,
    "pct1ResTime" : 17760.4,
    "pct2ResTime" : 23137.05,
    "pct3ResTime" : 26981.96,
    "throughput" : 53.08605893137073,
    "receivedKBytesPerSec" : 12889.185389585049,
    "sentKBytesPerSec" : 6.687599220846507
  }
}