{
  "Total" : {
    "transaction" : "Total",
    "sampleCount" : 9987,
    "errorCount" : 3050,
    "errorPct" : 30.539701,
    "meanResTime" : 1908.9777711024362,
    "medianResTime" : 113.0,
    "minResTime" : 0.0,
    "maxResTime" : 33965.0,
    "pct1ResTime" : 7049.400000000005,
    "pct2ResTime" : 11620.0,
    "pct3ResTime" : 21873.400000000038,
    "throughput" : 278.26692672053497,
    "receivedKBytesPerSec" : 13619.990307841668,
    "sentKBytesPerSec" : 46.54578769329897
  },
  "Отримати героя за id" : {
    "transaction" : "Отримати героя за id",
    "sampleCount" : 1997,
    "errorCount" : 762,
    "errorPct" : 38.157234,
    "meanResTime" : 798.558838257385,
    "medianResTime" : 127.0,
    "minResTime" : 1.0,
    "maxResTime" : 7684.0,
    "pct1ResTime" : 3013.6000000000013,
    "pct2ResTime" : 4716.199999999999,
    "pct3ResTime" : 6553.82,
    "throughput" : 59.41860811092267,
    "receivedKBytesPerSec" : 15.912863509402243,
    "sentKBytesPerSec" : 7.894584830328186
  },
  "Створити героя" : {
    "transaction" : "Створити героя",
    "sampleCount" : 1997,
    "errorCount" : 762,
    "errorPct" : 38.157234,
    "meanResTime" : 113.22133199799711,
    "medianResTime" : 64.0,
    "minResTime" : 0.0,
    "maxResTime" : 4957.0,
    "pct1ResTime" : 345.4000000000001,
    "pct2ResTime" : 443.59999999999945,
    "pct3ResTime" : 968.02,
    "throughput" : 58.08271770112268,
    "receivedKBytesPerSec" : 54.839968951777095,
    "sentKBytesPerSec" : 7.857490838229307
  },
  "Змінити героя" : {
    "transaction" : "Змінити героя",
    "sampleCount" : 1997,
    "errorCount" : 762,
    "errorPct" : 38.157234,
    "meanResTime" : 213.45818728092135,
    "medianResTime" : 98.0,
    "minResTime" : 1.0,
    "maxResTime" : 14585.0,
    "pct1ResTime" : 456.20000000000005,
    "pct2ResTime" : 682.2999999999997,
    "pct3ResTime" : 1520.08,
    "throughput" : 59.5763723150358,
    "receivedKBytesPerSec" : 15.955114250820404,
    "sentKBytesPerSec" : 13.442650842780429
  },
  "Видалити героя " : {
    "transaction" : "Видалити героя ",
    "sampleCount" : 1997,
    "errorCount" : 764,
    "errorPct" : 38.257385,
    "meanResTime" : 188.12318477716553,
    "medianResTime" : 94.0,
    "minResTime" : 1.0,
    "maxResTime" : 4482.0,
    "pct1ResTime" : 437.20000000000005,
    "pct2ResTime" : 644.1999999999998,
    "pct3ResTime" : 1193.02,
    "throughput" : 59.83341323106424,
    "receivedKBytesPerSec" : 16.778962381276965,
    "sentKBytesPerSec" : 12.961953621239815
  },
  "Отриати всіх героїв " : {
    "transaction" : "Отриати всіх героїв ",
    "sampleCount" : 1999,
    "errorCount" : 0,
    "errorPct" : 0.0,
    "meanResTime" : 8225.201600800372,
    "medianResTime" : 6986.0,
    "minResTime" : 10.0,
    "maxResTime" : 33965.0,
    "pct1ResTime" : 17958.0,
    "pct2ResTime" : 21868.0,
    "pct3ResTime" : 24765.0,
    "throughput" : 55.71193667957972,
    "receivedKBytesPerSec" : 13525.439615064379,
    "sentKBytesPerSec" : 7.018398273111117
  }
}