{
  "Total" : {
    "transaction" : "Total",
    "sampleCount" : 10000,
    "errorCount" : 1876,
    "errorPct" : 18.76,
    "meanResTime" : 1686.1691999999996,
    "medianResTime" : 113.0,
    "minResTime" : 0.0,
    "maxResTime" : 28599.0,
    "pct1ResTime" : 6150.9,
    "pct2ResTime" : 10725.24999999994,
    "pct3ResTime" : 21396.66999999999,
    "throughput" : 330.77533739084413,
    "receivedKBytesPerSec" : 16168.475701967287,
    "sentKBytesPerSec" : 57.246098918364645
  },
  "Отримати героя за id" : {
    "transaction" : "Отримати героя за id",
    "sampleCount" : 2000,
    "errorCount" : 469,
    "errorPct" : 23.45,
    "meanResTime" : 767.4644999999999,
    "medianResTime" : 109.0,
    "minResTime" : 1.0,
    "maxResTime" : 9872.0,
    "pct1ResTime" : 2374.0000000000055,
    "pct2ResTime" : 5450.149999999997,
    "pct3ResTime" : 8898.99,
    "throughput" : 70.22965095863474,
    "receivedKBytesPerSec" : 18.828336237622022,
    "sentKBytesPerSec" : 9.250287502633611
  },
  "Створити героя" : {
    "transaction" : "Створити героя",
    "sampleCount" : 2000,
    "errorCount" : 469,
    "errorPct" : 23.45,
    "meanResTime" : 117.3045,
    "medianResTime" : 81.0,
    "minResTime" : 0.0,
    "maxResTime" : 3697.0,
    "pct1ResTime" : 328.9000000000001,
    "pct2ResTime" : 405.0,
    "pct3ResTime" : 657.98,
    "throughput" : 68.44626967830253,
    "receivedKBytesPerSec" : 46.92981048939083,
    "sentKBytesPerSec" : 11.461541752224504
  },
  "Змінити героя" : {
    "transaction" : "Змінити героя",
    "sampleCount" : 2000,
    "errorCount" : 469,
    "errorPct" : 23.45,
    "meanResTime" : 147.46399999999997,
    "medianResTime" : 96.0,
    "minResTime" : 1.0,
    "maxResTime" : 3524.0,
    "pct1ResTime" : 360.9000000000001,
    "pct2ResTime" : 429.0,
    "pct3ResTime" : 729.99,
    "throughput" : 70.41013906002465,
    "receivedKBytesPerSec" : 18.876724498327757,
    "sentKBytesPerSec" : 15.806251100158422
  },
  "Видалити героя " : {
    "transaction" : "Видалити героя ",
    "sampleCount" : 2000,
    "errorCount" : 469,
    "errorPct" : 23.45,
    "meanResTime" : 143.8475,
    "medianResTime" : 94.0,
    "minResTime" : 1.0,
    "maxResTime" : 4629.0,
    "pct1ResTime" : 353.0,
    "pct2ResTime" : 436.9499999999998,
    "pct3ResTime" : 674.95,
    "throughput" : 71.1591830925781,
    "receivedKBytesPerSec" : 20.03506257560663,
    "sentKBytesPerSec" : 15.348980199957303
  },
  "Отриати всіх героїв " : {
    "transaction" : "Отриати всіх героїв ",
    "sampleCount" : 2000,
    "errorCount" : 0,
    "errorPct" : 0.0,
    "meanResTime" : 7254.765499999995,
    "medianResTime" : 5493.5,
    "minResTime" : 11.0,
    "maxResTime" : 28599.0,
    "pct1ResTime" : 17179.4,
    "pct2ResTime" : 21395.349999999995,
    "pct3ResTime" : 25207.63,
    "throughput" : 66.17476756112895,
    "receivedKBytesPerSec" : 16073.803929850612,
    "sentKBytesPerSec" : 8.336469741587534
  }
}